{"cameraMode":{"drawMode":0,"name":"Shaded","section":"Shading Mode"},"sceneLighting":false,"audioPlay":false,"sceneViewState":{"m_AlwaysRefresh":false,"showFog":true,"showSkybox":false,"showFlares":true,"showImageEffects":true,"showParticleSystems":true,"showVisualEffectGraphs":true,"m_FxEnabled":true},"in2DMode":false,"pivot":{"x":0.159512460231781,"y":0.24608486890792848,"z":-0.18353061378002168},"rotation":{"x":-0.14639411866664887,"y":-0.08894743025302887,"z":0.013218137435615063,"w":-0.9851323366165161},"size":0.30591511726379397,"orthographic":false}