{"cameraMode":{"drawMode":0,"name":"Shaded","section":"Shading Mode"},"sceneLighting":false,"audioPlay":false,"sceneViewState":{"m_AlwaysRefresh":false,"showFog":true,"showSkybox":false,"showFlares":true,"showImageEffects":true,"showParticleSystems":true,"showVisualEffectGraphs":true,"m_FxEnabled":true},"in2DMode":false,"pivot":{"x":4.172325134277344e-7,"y":0.30401259660720827,"z":-0.1315152496099472},"rotation":{"x":-0.14639411866664887,"y":-0.08894743025302887,"z":0.013218137435615063,"w":-0.9851323366165161},"size":0.4229724705219269,"orthographic":false}