{"cameraMode":{"drawMode":0,"name":"Shaded","section":"Shading Mode"},"sceneLighting":true,"audioPlay":false,"sceneViewState":{"m_AlwaysRefresh":false,"showFog":true,"showSkybox":true,"showFlares":true,"showImageEffects":true,"showParticleSystems":true,"showVisualEffectGraphs":true,"m_FxEnabled":true},"in2DMode":false,"pivot":{"x":-0.1923874020576477,"y":-1.0121194124221802,"z":3.618342161178589},"rotation":{"x":0.2935411036014557,"y":0.01228573452681303,"z":-0.003771114395931363,"w":0.9558664560317993},"size":6.083733558654785,"orthographic":false}